,gamma,eps_clip,reward,world_clear_rate
gamma,1.0,-1.723430400215732e-16,0.20999802046003632,-0.022464170413821666
eps_clip,-1.723430400215732e-16,1.0,0.0032060948303335086,-0.07628758445886896
reward,0.20999802046003632,0.0032060948303335086,1.0,-0.13053300474802412
world_clear_rate,-0.022464170413821666,-0.07628758445886896,-0.13053300474802412,1.0
